{
  "id": 238,
  "update_date": "Jul 27, 2018 4:55:38 PM",
  "isAdaptive": false,
  "is_public": true,
  "myLoadSolutions": true,
  "summary": "Introduction course to Python.",
  "title": "Introduction to Python",
  "programming_language": "Python",
  "language": "en",
  "items": [
    {
      "id": 13416,
      "update_date": "Jul 27, 2018 4:49:46 PM",
      "title": "Introduction",
      "task_list": [
        {
          "name": "Our first program",
          "stepic_id": 186010,
          "task_files": {
            "hello_world.py": {
              "name": "hello_world.py",
              "text": "print(\"Hello, world! My name is type your name\")\n",
              "placeholders": [
                {
                  "offset": 32,
                  "length": 14,
                  "hints": [
                    "Type your name here."
                  ],
                  "possible_answer": "Liana",
                  "placeholder_text": "type your name"
                }
              ]
            }
          },
          "test_files": {
            "tests.py": "from test_helper import run_common_tests, failed, passed, get_answer_placeholders\n\n\ndef test_initial():\n    window \u003d get_answer_placeholders()[0]\n    if window \u003d\u003d \"type your name\":\n        failed(\"You should modify the file\")\n    else:\n        passed()\n\nif __name__ \u003d\u003d \u0027__main__\u0027:\n    run_common_tests(\"You should enter your name\")\n    test_initial()\n\n\n"
          },
          "description_text": "\nTraditionally the first program you write in any programming language is \u003ccode\u003e\"Hello World!\"\u003c/code\u003e.\n\u003cbr\u003e\u003cbr\u003e\nIntroduce yourself to the World.\n\u003cbr\u003e\u003cbr\u003e\nHint: To run a script сhoose \u0027Run \u0026lt;name\u0026gt;\u0027 on the context menu. \u003cbr\u003e\nFor more information visit \u003ca href\u003d\"https://www.jetbrains.com/help/pycharm/running-and-rerunning-applications.html\"\u003eour help\u003c/a\u003e.\n\n\u003cbr\u003e\n",
          "description_format": "html",
          "additional_files": {},
          "update_date": "Jul 27, 2018 4:49:46 PM",
          "task_type": "edu"
        },
        {
          "name": "Comments",
          "stepic_id": 186011,
          "task_files": {
            "comments.py": {
              "name": "comments.py",
              "text": "# This is the comment for the comments.py file\nprint(\"Hello!\")  # this comment is for the second line\n\nprint(\"# this is not a comment\")\n# add new comment here\n",
              "placeholders": [
                {
                  "offset": 138,
                  "length": 20,
                  "hints": [
                    "Type your new comment here."
                  ],
                  "possible_answer": "new comment",
                  "placeholder_text": "add new comment here"
                }
              ]
            }
          },
          "test_files": {
            "tests.py": "from test_helper import run_common_tests\n\nif __name__ \u003d\u003d \u0027__main__\u0027:\n    run_common_tests(\"You should type new comment\")\n"
          },
          "description_text": "\nComments in Python start with the hash character (\u003ccode\u003e#\u003c/code\u003e) and include the whole line.\nYou can use Ctrl + / to comment or uncomment the whole line in PyCharm.\n\u003cbr\u003e\u003cbr\u003e\nAdd a new comment to the file.\u003cbr\u003e\n",
          "description_format": "html",
          "additional_files": {},
          "update_date": "Dec 21, 2017 11:52:22 AM",
          "task_type": "edu"
        }
      ],
      "type": "lesson"
    },
    {
      "id": 13417,
      "update_date": "Dec 21, 2017 11:53:52 AM",
      "title": "Variables",
      "task_list": [
        {
          "name": "Variable definition",
          "stepic_id": 186012,
          "task_files": {
            "variable_definition.py": {
              "name": "variable_definition.py",
              "text": "a \u003d b \u003d 2  # This is called a \"chained assignment\". It assigns the value 2 to variables \"a\" and \"b\".\nprint(\"a \u003d \" + str(a))   # We\u0027ll explain the expression str(a) later in the course. For now it is used to convert the  variable \"a\" to a string.\nprint(\"b \u003d \" + str(b))\n\ngreetings \u003d \"greetings\"\nprint(\"greetings \u003d \" + str(greetings))\ngreetings \u003d another value\nprint(\"greetings \u003d \" + str(greetings))\n",
              "placeholders": [
                {
                  "offset": 345,
                  "length": 13,
                  "hints": [
                    "Type value here."
                  ],
                  "possible_answer": "5",
                  "placeholder_text": "another value"
                }
              ]
            }
          },
          "test_files": {
            "tests.py": "from test_helper import run_common_tests, failed, passed, import_task_file, get_answer_placeholders\n\n\ndef test_task_window():\n    window \u003d get_answer_placeholders()[0]\n    if \"another value\" \u003d\u003d window:\n      failed(\"You should redefine the variable \u0027greetings\u0027\")\n    else:\n      passed()\n\ndef test_value():\n    file \u003d import_task_file()\n\n    if file.greetings \u003d\u003d \"greetings\":\n        failed(\"You should assign a different value to the variable\")\n    else:\n        passed()\n\nif __name__ \u003d\u003d \u0027__main__\u0027:\n    test_task_window()\n    run_common_tests(\"You should redefine the variable \u0027greetings\u0027\")\n    test_value()\n"
          },
          "description_text": "\nVariables are used to store values so we can refer to them later. A variable is like a label, and you use the \u0027\u003ccode\u003e\u003d\u003c/code\u003e\u0027 symbol,\nknown as the assignment operator, to assign a value to a variable. An assignment can be chained, e.g. \u003ccode\u003ea \u003d b \u003d 2\u003c/code\u003e\n\u003cbr\u003e\u003cbr\u003e\nChange the value stored in the variable \u003ccode\u003egreetings\u003c/code\u003e.\n\u003cbr\u003e\n",
          "description_format": "html",
          "additional_files": {},
          "update_date": "Dec 21, 2017 11:52:51 AM",
          "task_type": "edu"
        },
        {
          "name": "Undefined variable",
          "stepic_id": 186013,
          "task_files": {
            "undefined_variable.py": {
              "name": "undefined_variable.py",
              "text": "variable \u003d 1\nprint(other variable)\n",
              "placeholders": [
                {
                  "offset": 19,
                  "length": 14,
                  "hints": [
                    "Type the name of an undefined variable here. Note that variable names must start with a letter and may contain letters, \u0027_\u0027 and/or numbers."
                  ],
                  "possible_answer": "other_variable",
                  "placeholder_text": "other variable"
                }
              ]
            }
          },
          "test_files": {
            "tests.py": "from test_helper import test_is_not_empty, test_answer_placeholders_text_deleted, passed, failed, import_task_file\n\n\ndef test_is_identifier():\n    try:\n        import_task_file()\n    except NameError:\n        passed()\n        return\n    except SyntaxError:\n        failed(\"Used invalid identifier\")\n        return\n    failed(\"Use undefined variable\")\n\n\nif __name__ \u003d\u003d \u0027__main__\u0027:\n    error_text \u003d \"You should type undefined variable here\"\n\n    test_is_not_empty()\n    test_answer_placeholders_text_deleted(error_text)\n    test_is_identifier()\n"
          },
          "description_text": "\nVariable names may only contain letters, digits, and/or the underscore character, and cannot start with a digit.\n\u003cbr\u003e\u003cbr\u003e\nCheck what happens if you use a variable which is not defined yet. Try to print out an undefined name.\n\u003cbr\u003e\n",
          "description_format": "html",
          "additional_files": {},
          "update_date": "Dec 21, 2017 11:53:45 AM",
          "task_type": "edu"
        },
        {
          "name": "Variable types",
          "stepic_id": 186014,
          "task_files": {
            "variable_type.py": {
              "name": "variable_type.py",
              "text": "number \u003d 9\nprint(type(number))   # print type of variable \"number\"\n\nfloat_number \u003d 9.0\nprint(float_number type)\n",
              "placeholders": [
                {
                  "offset": 93,
                  "length": 17,
                  "hints": [
                    "Look how we found the \"number\" type on line 2 and do the same to float_number."
                  ],
                  "possible_answer": "type(float_number)",
                  "placeholder_text": "float_number type"
                }
              ]
            }
          },
          "test_files": {
            "tests.py": "from test_helper import run_common_tests, get_answer_placeholders, passed, failed\n\n\ndef test_type_used():\n    window \u003d get_answer_placeholders()[0]\n    if \"type\" in window and \"float_number\" in window:\n        passed()\n    else:\n        failed(\"Use the type() function\")\n\nif __name__ \u003d\u003d \u0027__main__\u0027:\n    run_common_tests()\n    test_type_used()"
          },
          "description_text": "\nIn Python, there are two main types of numbers: integers and floats.\nThe most important difference between them is that a float is a number that has a decimal point, and an int is a number\nwithout a decimal point.\n\u003cbr\u003e\u003cbr\u003e\nDetermine the type of the variable \u003ccode\u003efloat_number\u003c/code\u003e.\n\u003cbr\u003e\n",
          "description_format": "html",
          "additional_files": {},
          "update_date": "Dec 21, 2017 11:53:45 AM",
          "task_type": "edu"
        },
        {
          "name": "Type conversion",
          "stepic_id": 186015,
          "task_files": {
            "type_cast.py": {
              "name": "type_cast.py",
              "text": "number \u003d 9\nprint(type(number))   # print type of variable \"number\"\n\nfloat_number \u003d 9.0\nprint(float_number)\nprint(Convert float_number to integer)\n",
              "placeholders": [
                {
                  "offset": 113,
                  "length": 31,
                  "hints": [
                    "Use int() function."
                  ],
                  "possible_answer": "int(float_number)",
                  "placeholder_text": "Convert float_number to integer"
                }
              ]
            }
          },
          "test_files": {
            "tests.py": "from test_helper import run_common_tests, get_answer_placeholders, passed, failed\n\n\ndef test_window():\n    window \u003d get_answer_placeholders()[0]\n    if \"int\" in window and \"float_number\" in window:\n        passed()\n    else:\n        failed(\"Use the int() function\")\n\nif __name__ \u003d\u003d \u0027__main__\u0027:\n    run_common_tests()\n    test_window()"
          },
          "description_text": "\nThere are several built-in functions that let you convert one data type to another.\nThese functions return a new object representing the converted value.\n\u003ccode\u003eint(x)\u003c/code\u003e converts \u003ccode\u003ex\u003c/code\u003e to an integer.\n\u003ccode\u003efloat(x)\u003c/code\u003e converts \u003ccode\u003ex\u003c/code\u003e to a floating-point number.\n\u003ccode\u003estr(x)\u003c/code\u003e converts object \u003ccode\u003ex\u003c/code\u003e to a string representation.\n\u003cbr\u003e\u003cbr\u003e\nConvert \u003ccode\u003efloat_number\u003c/code\u003e to integer.\n\u003cbr\u003e\n",
          "description_format": "html",
          "additional_files": {},
          "update_date": "Dec 21, 2017 11:53:45 AM",
          "task_type": "edu"
        },
        {
          "name": "Arithmetic operators",
          "stepic_id": 186016,
          "task_files": {
            "arithmetic_operators.py": {
              "name": "arithmetic_operators.py",
              "text": "number \u003d 9.0        # float number\n\nresult \u003d divide \u0027number\u0027 by two\n\nremainder \u003d calculate the remainder\n\nprint(\"result \u003d \" + str(result))\nprint(\"remainder \u003d \" + str(remainder))\n",
              "placeholders": [
                {
                  "offset": 45,
                  "length": 22,
                  "hints": [
                    "Use / operator."
                  ],
                  "possible_answer": "number / 2",
                  "placeholder_text": "divide \u0027number\u0027 by two"
                },
                {
                  "offset": 81,
                  "length": 23,
                  "hints": [
                    "Use % operator."
                  ],
                  "possible_answer": "number % 2",
                  "placeholder_text": "calculate the remainder"
                }
              ]
            }
          },
          "test_files": {
            "tests.py": "from test_helper import run_common_tests, passed, failed, import_task_file, get_answer_placeholders\n\n\ndef test_division():\n    file \u003d import_task_file()\n    if file.result \u003d\u003d 4.5:\n        passed()\n    else:\n        failed(\"Wrong result\")\n\n\ndef test_remainder():\n    file \u003d import_task_file()\n    if file.remainder \u003d\u003d 1.0:\n        passed()\n    else:\n        failed(\"Wrong remainder\")\n\n\ndef test_windows():\n    windows \u003d get_answer_placeholders()\n    if not \"/\" in windows[0]:\n        failed(\"Use / operator\")\n        return\n    if not \"%\" in windows[1]:\n        failed(\"Use % operator\")\n        return\n    if \"number\" in windows[0] and \"number\" in windows[1]:\n        passed()\n    else:\n        failed(\"Use the value stored in the variable \\\"number\\\"\")\n\n\nif __name__ \u003d\u003d \u0027__main__\u0027:\n    run_common_tests(\"Use / and % operators\")\n    test_windows()\n    test_division()\n    test_remainder()"
          },
          "description_text": "\nJust as with any other programming language, the addition (\u003ccode\u003e+\u003c/code\u003e), subtraction (\u003ccode\u003e-\u003c/code\u003e), multiplication (\u003ccode\u003e*\u003c/code\u003e), and division (\u003ccode\u003e/\u003c/code\u003e) operators can be used with numbers.\nIn addition Python has the power (\u003ccode\u003e**\u003c/code\u003e) and modulo (\u003ccode\u003e%\u003c/code\u003e) operators.\n\u003cbr\u003e\u003cbr\u003e\nDivide the value stored in the variable \u003ccode\u003enumber\u003c/code\u003e by \u003ccode\u003e2\u003c/code\u003e, and then calculate the remainder.\n\u003cbr\u003e\n",
          "description_format": "html",
          "additional_files": {},
          "update_date": "Dec 21, 2017 11:53:45 AM",
          "task_type": "edu"
        },
        {
          "name": "Assignments",
          "stepic_id": 186017,
          "task_files": {
            "assignments.py": {
              "name": "assignments.py",
              "text": "number \u003d 9.0\nprint(\"number \u003d \" + str(number))\n\nnumber -\u003d 2\nprint(\"number \u003d \" + str(number))\n\nnumber operator 5\n\nprint(\"number \u003d \" + str(number))\n",
              "placeholders": [
                {
                  "offset": 100,
                  "length": 8,
                  "hints": [
                    "Use +\u003d operator."
                  ],
                  "possible_answer": "+\u003d",
                  "placeholder_text": "operator"
                }
              ]
            }
          },
          "test_files": {
            "tests.py": "from test_helper import run_common_tests, passed, failed, import_task_file, get_answer_placeholders\n\n\ndef test_value():\n    file \u003d import_task_file()\n    if file.number \u003d\u003d 12.0:\n        passed()\n    else:\n        failed(\"Use +\u003d operator\")\n\n\ndef test_window():\n    window \u003d get_answer_placeholders()[0]\n    if \"+\u003d\" in window:\n        passed()\n    else:\n        failed(\"Use +\u003d operator\")\n\n\nif __name__ \u003d\u003d \u0027__main__\u0027:\n    run_common_tests(\"You should modify the file\")\n    test_value()\n    test_window()"
          },
          "description_text": "\nAugmented assignment is a single statement combining a binary operation and an assignment statement such as \u003ccode\u003e+\u003d\u003c/code\u003e, \u003ccode\u003e-\u003d\u003c/code\u003e, etc.\n\u003cbr\u003e\u003cbr\u003e\nUse an augmented assignment to add \u003ccode\u003e5\u003c/code\u003e to \u003ccode\u003enumber\u003c/code\u003e and update the variable.\n\u003cbr\u003e\n",
          "description_format": "html",
          "additional_files": {},
          "update_date": "Dec 21, 2017 11:53:45 AM",
          "task_type": "edu"
        },
        {
          "name": "Boolean operators",
          "stepic_id": 186018,
          "task_files": {
            "boolean_operators.py": {
              "name": "boolean_operators.py",
              "text": "two \u003d 2\nthree \u003d 3\n\nis_equal \u003d two operator three\n\nprint(is_equal)\n",
              "placeholders": [
                {
                  "offset": 34,
                  "length": 8,
                  "hints": [
                    "Use \u003d\u003d operator."
                  ],
                  "possible_answer": "\u003d\u003d",
                  "placeholder_text": "operator"
                }
              ]
            }
          },
          "test_files": {
            "tests.py": "from test_helper import run_common_tests, failed, passed, import_task_file, get_answer_placeholders\n\n\ndef test_value():\n    file \u003d import_task_file()\n    if not file.is_equal:\n        passed()\n    else:\n        failed(\"Use \u003d\u003d operator\")\n\n\ndef test_window():\n    window \u003d get_answer_placeholders()[0]\n    if \"\u003d\u003d\" in window:\n        passed()\n    else:\n        failed(\"Use \u003d\u003d operator\")\n\n\n\nif __name__ \u003d\u003d \u0027__main__\u0027:\n    run_common_tests(\"You should modify the file\")\n\n    test_value()\n    test_window()"
          },
          "description_text": "\nBoolean is a type of value that can only be \u003ccode\u003eTrue\u003c/code\u003e or \u003ccode\u003eFalse\u003c/code\u003e.\nThe \u003ccode\u003e\u003d\u003d\u003c/code\u003e (equality) operator checks whether the two variables being compared are equal.\n\u003cbr\u003e\u003cbr\u003e\nCheck whether the variable \u003ccode\u003etwo\u003c/code\u003e is equal to \u003ccode\u003ethree\u003c/code\u003e.\n\u003cbr\u003e\n",
          "description_format": "html",
          "additional_files": {},
          "update_date": "Dec 21, 2017 11:53:45 AM",
          "task_type": "edu"
        },
        {
          "name": "Comparison operators",
          "stepic_id": 186019,
          "task_files": {
            "comparison_operators.py": {
              "name": "comparison_operators.py",
              "text": "one \u003d 1\ntwo \u003d 2\nthree \u003d 3\n\nprint(one \u003c two \u003c three)  # This chained comparison means that the (one \u003c two) and (two \u003c three) comparisons are performed at the same time.\n\nis_greater \u003d three operator two\nprint(is_greater)\n",
              "placeholders": [
                {
                  "offset": 188,
                  "length": 8,
                  "hints": [
                    "Use \u003e operator."
                  ],
                  "possible_answer": "\u003e",
                  "placeholder_text": "operator"
                }
              ]
            }
          },
          "test_files": {
            "tests.py": "from test_helper import run_common_tests, passed, failed, import_task_file, get_answer_placeholders\n\n\ndef test_value():\n    file \u003d import_task_file()\n    if file.is_greater:\n        passed()\n    else:\n        failed(\"Use \u003e operator\")\n\n\ndef test_window():\n    window \u003d get_answer_placeholders()[0]\n    if \"\u003e\" in window and \"\u003e\u003d\" not in window:\n        passed()\n    else:\n        failed(\"Use \u003e operator\")\n\nif __name__ \u003d\u003d \u0027__main__\u0027:\n    run_common_tests(\"You should modify the file\")\n    test_value()\n    test_window()"
          },
          "description_text": "\nPython has many types of comparison operators including \u003ccode\u003e\u0026gt;\u003d\u003c/code\u003e, \u003ccode\u003e\u0026lt;\u003d\u003c/code\u003e, \u003ccode\u003e\u0026gt;\u003c/code\u003e, \u003ccode\u003e\u0026lt;\u003c/code\u003e, etc. All comparison operations in Python have the same priority.\nComparisons yield boolean values: either \u003ccode\u003eTrue\u003c/code\u003e or \u003ccode\u003eFalse\u003c/code\u003e. Comparisons can be chained arbitrarily.\n\u003cbr\u003e\u003cbr\u003e\nCheck whether the value of the variable \u003ccode\u003ethree\u003c/code\u003e is strictly greater than the value of the variable \u003ccode\u003etwo\u003c/code\u003e.\n\u003cbr\u003e\n",
          "description_format": "html",
          "additional_files": {},
          "update_date": "Dec 21, 2017 11:53:45 AM",
          "task_type": "edu"
        }
      ],
      "type": "lesson"
    },
    {
      "id": 13419,
      "update_date": "Dec 21, 2017 11:54:42 AM",
      "title": "Strings",
      "task_list": [
        {
          "name": "Concatenation",
          "stepic_id": 186020,
          "task_files": {
            "concatenation.py": {
              "name": "concatenation.py",
              "text": "hello \u003d \"Hello\"\nworld \u003d \u0027World\u0027\n\nhello_world \u003d type here\nprint(hello_world)      # Note: you should print \"Hello World\"\n",
              "placeholders": [
                {
                  "offset": 47,
                  "length": 9,
                  "hints": [
                    "Use chained concatenation and one-space string \\\" \\\"."
                  ],
                  "possible_answer": "hello + \u0027 \u0027 + world",
                  "placeholder_text": "type here"
                }
              ]
            }
          },
          "test_files": {
            "tests.py": "from test_helper import run_common_tests, passed, failed, import_task_file, get_answer_placeholders\n\n\ndef test_value():\n    file \u003d import_task_file()\n    if hasattr(file, \"hello_world\") and file.hello_world \u003d\u003d \"HelloWorld\":\n        failed(\"Use one-space string \u0027 \u0027 in concatenation.\")\n    else:\n        passed()\n\n\ndef test_value_2():\n    file \u003d import_task_file()\n    if hasattr(file, \"hello_world\") and file.hello_world \u003d\u003d \"Hello World\":\n        passed()\n    else:\n        failed(\"Use + operator\")\n\ndef test_concat_used():\n    window \u003d get_answer_placeholders()[0]\n    if \"hello\" in window and \"world\" in window and \"+\" in window:\n        passed()\n    else:\n        failed(\"Use previously defined variables and concatenation (+) to combine variables\")\n\nif __name__ \u003d\u003d \u0027__main__\u0027:\n    run_common_tests()\n    test_value()\n    test_value_2()\n    test_concat_used()\n\n"
          },
          "description_text": "\nCombining two strings using the \u003ccode\u003e+\u003c/code\u003e symbol is called concatenation.\n\u003cbr\u003e\u003cbr\u003e\nUse the \u003ccode\u003ehello\u003c/code\u003e and \u003ccode\u003eworld\u003c/code\u003e variables to get a \u003ccode\u003e\"Hello World\"\u003c/code\u003e string.\n\n\u003cbr\u003e\n",
          "description_format": "html",
          "additional_files": {},
          "update_date": "Dec 21, 2017 11:54:37 AM",
          "task_type": "edu"
        },
        {
          "name": "String multiplication",
          "stepic_id": 186021,
          "task_files": {
            "string_multiplication.py": {
              "name": "string_multiplication.py",
              "text": "hello \u003d \"hello\"\nten_of_hellos \u003d hello operator 10\nprint(ten_of_hellos)\n",
              "placeholders": [
                {
                  "offset": 38,
                  "length": 8,
                  "hints": [
                    "Use multiplication."
                  ],
                  "possible_answer": "*",
                  "placeholder_text": "operator"
                }
              ]
            }
          },
          "test_files": {
            "tests.py": "from test_helper import run_common_tests, passed, failed, import_task_file, get_answer_placeholders\n\n\ndef test_value():\n    file \u003d import_task_file()\n    if hasattr(file, \"ten_of_hellos\") and file.ten_of_hellos \u003d\u003d \"hellohellohellohellohellohellohellohellohellohello\":\n        passed()\n    else:\n        failed(\"Use multiplication\")\n\ndef test_window():\n    window \u003d get_answer_placeholders()[0]\n    if \"*\" in window:\n        passed()\n    else:\n        failed(\"Use multiplication\")\n\nif __name__ \u003d\u003d \u0027__main__\u0027:\n    run_common_tests(\"You should modify the file\")\n\n    test_value()\n    test_window()\n"
          },
          "description_text": "\nPython supports a string-by-number multiplication (but not the other way around!).\n\u003cbr\u003e\u003cbr\u003e\nUse hello to get the \u003ccode\u003e\"hellohellohellohellohellohellohellohellohellohello\"\u003c/code\u003e string (\u003ccode\u003e\"hello\"\u003c/code\u003e repeated \u003ccode\u003e10\u003c/code\u003e times).\n\u003cbr\u003e\n",
          "description_format": "html",
          "additional_files": {},
          "update_date": "Dec 21, 2017 11:54:37 AM",
          "task_type": "edu"
        },
        {
          "name": "String indexing",
          "stepic_id": 186022,
          "task_files": {
            "string_indexing.py": {
              "name": "string_indexing.py",
              "text": "python \u003d \"Python\"\nprint(\"h \" + python[3])     # Note: string indexing starts with 0\n\np_letter \u003d type here\nprint(p_letter)\n",
              "placeholders": [
                {
                  "offset": 96,
                  "length": 9,
                  "hints": [
                    "Note that index starts with 0."
                  ],
                  "possible_answer": "python[0]",
                  "placeholder_text": "type here"
                }
              ]
            }
          },
          "test_files": {
            "tests.py": "from test_helper import run_common_tests, passed, failed, import_task_file, get_answer_placeholders\n\n\ndef test_window():\n    window \u003d get_answer_placeholders()[0]\n    if \"[\" in window and \"0\" in window and \"]\" in window:\n        passed()\n    else:\n        failed(\"Use indexing\")\n\ndef test_value():\n    file \u003d import_task_file()\n    if hasattr(file, \"p_letter\") and file.p_letter \u003d\u003d \"P\":\n        passed()\n    else:\n        failed(\"String index starts at 0.\")\n\n\nif __name__ \u003d\u003d \u0027__main__\u0027:\n    run_common_tests()\n\n    test_value()\n    test_window()\n"
          },
          "description_text": "\nYou can access a character of a string if you know its position.\nFor example, \u003ccode\u003estr[index]\u003c/code\u003e will yield the character at\nposition \u003ccode\u003eindex\u003c/code\u003e in the string \u003ccode\u003estr\u003c/code\u003e.\n\u003cbr/\u003e\nNote that string index always starts at \u003ccode\u003e0\u003c/code\u003e.\n\u003cbr\u003e\nIndices may also be negative numbers, to start counting from the right. Note that since \u003ccode\u003e-0\u003c/code\u003e is the same as \u003ccode\u003e0\u003c/code\u003e, negative indices start from \u003ccode\u003e-1\u003c/code\u003e.\n\n\n\u003cbr\u003e\u003cbr\u003e\nUse index operator to get \u003ccode\u003e\"P\"\u003c/code\u003e from \u003ccode\u003e\"python\"\u003c/code\u003e.\n\u003cbr\u003e\n",
          "description_format": "html",
          "additional_files": {},
          "update_date": "Dec 21, 2017 11:54:37 AM",
          "task_type": "edu"
        },
        {
          "name": "String negative indexing",
          "stepic_id": 186023,
          "task_files": {
            "negative_indexing.py": {
              "name": "negative_indexing.py",
              "text": "long_string \u003d \"This is a very long string!\"\nexclamation \u003d type here\nprint(exclamation)\n",
              "placeholders": [
                {
                  "offset": 58,
                  "length": 9,
                  "hints": [
                    "Use negative index."
                  ],
                  "possible_answer": "long_string[-1]",
                  "placeholder_text": "type here"
                }
              ]
            }
          },
          "test_files": {
            "tests.py": "from test_helper import run_common_tests, passed, failed, import_task_file, get_answer_placeholders\n\n\ndef test_value():\n    file \u003d import_task_file()\n    if hasattr(file, \"exclamation\") and file.exclamation \u003d\u003d \"!\":\n        passed()\n    else:\n        failed(\"Use -1 index to get the last character\")\n\n\ndef test_negative_index():\n    window \u003d get_answer_placeholders()[0]\n    if \"-\" in window:\n        passed()\n    else:\n        failed(\"Use negative index\")\n\nif __name__ \u003d\u003d \u0027__main__\u0027:\n    run_common_tests()\n\n    test_negative_index()\n    test_value()\n\n"
          },
          "description_text": "\nYou can use negative numbers in the indexing operator to count characters ‘backwards’ from the end of the string.\n\u003cbr\u003e\u003cbr\u003e\nUse negative index to get the \u003ccode\u003e\u0027!\u0027\u003c/code\u003e sign from \u003ccode\u003elong_string\u003c/code\u003e\n\u003cbr\u003e\n",
          "description_format": "html",
          "additional_files": {},
          "update_date": "Dec 21, 2017 11:54:37 AM",
          "task_type": "edu"
        },
        {
          "name": "String slicing",
          "stepic_id": 186024,
          "task_files": {
            "slicing.py": {
              "name": "slicing.py",
              "text": "monty_python \u003d \"Monty Python\"\nmonty \u003d monty_python[:5]      # one or both index could be dropped. monty_python[:5] is equal to monty_python[0:5]\nprint(monty)\npython \u003d type here\nprint(python)\n",
              "placeholders": [
                {
                  "offset": 167,
                  "length": 9,
                  "hints": [
                    "You can leave one or both indices empty."
                  ],
                  "possible_answer": "monty_python[6:]",
                  "placeholder_text": "type here"
                }
              ]
            }
          },
          "test_files": {
            "tests.py": "from test_helper import run_common_tests, failed, passed, import_task_file, get_answer_placeholders\n\n\ndef test_value():\n    file \u003d import_task_file()\n    if hasattr(file, \"python\") and file.python \u003d\u003d \"Python\":\n        passed()\n    else:\n        failed(\"Check indices used in slicing\")\n\n\ndef test_monty_python():\n    window \u003d get_answer_placeholders()[0]\n    if \"monty_python\" in window:\n        passed()\n    else:\n        failed(\"Use slicing\")\n\n\nif __name__ \u003d\u003d \u0027__main__\u0027:\n    run_common_tests()\n    test_value()\n    test_monty_python()"
          },
          "description_text": "\nSlicing is used to get multiple characters (a substring) from a string.\nIts syntax is similar to that of indexing, but instead of just one index you use two indices (numbers)\nseparated by a colon, e.g. \u003ccode\u003estr[ind1:ind2]\u003c/code\u003e.\n\n\u003ch5\u003eExample\u003c/h5\u003e\n\u003cpre\u003e\u003ccode\u003e\nstr[start:end] # items start through end-1\nstr[start:]    # items start through the rest of the array\nstr[:end]      # items from the beginning through end-1\nstr[:]         # a copy of the whole array\n\u003c/code\u003e\u003c/pre\u003e\n\nUse slicing to get \u003ccode\u003e\"Python\"\u003c/code\u003e from the \u003ccode\u003emonty_python\u003c/code\u003e variable.\n\u003cbr\u003e\n",
          "description_format": "html",
          "additional_files": {},
          "update_date": "Dec 21, 2017 11:54:37 AM",
          "task_type": "edu"
        },
        {
          "name": "In operator",
          "stepic_id": 186025,
          "task_files": {
            "in_operator.py": {
              "name": "in_operator.py",
              "text": "ice_cream \u003d \"ice cream\"\nprint(\"cream\" in ice_cream)    # print boolean result directly\n\ncontains \u003d type here\nprint(contains)\n",
              "placeholders": [
                {
                  "offset": 99,
                  "length": 9,
                  "hints": [
                    "Use \u0027in\u0027 operator."
                  ],
                  "possible_answer": "\u0027ice\u0027 in ice_cream",
                  "placeholder_text": "type here"
                }
              ]
            }
          },
          "test_files": {
            "tests.py": "from test_helper import run_common_tests, passed, failed, import_task_file, get_answer_placeholders\n\n\ndef test_value():\n    file \u003d import_task_file()\n    if hasattr(file, \"contains\") and file.contains:\n        passed()\n    else:\n        failed(\"Use \u0027in\u0027 operator for this check\")\n\ndef test_window():\n    window \u003d get_answer_placeholders()[0]\n\n    if \" in \" in window:\n        passed()\n    else:\n        failed(\"Use \u0027in\u0027 operator for this check\")\n\ndef test_ice_cream():\n    window \u003d get_answer_placeholders()[0]\n\n    if \"ice cream\" in window or \"ice_cream\":\n        passed()\n    else:\n        failed(\"Check if there is \u0027ice\u0027 in \u0027ice cream\u0027\")\n\n\nif __name__ \u003d\u003d \u0027__main__\u0027:\n    run_common_tests()\n\n    test_value()\n    test_window()\n    test_ice_cream()\n"
          },
          "description_text": "\nIf you want to check whether a string contains a specific letter or a substring, you can use the \u003ccode\u003ein\u003c/code\u003e keyword.\n\u003cbr\u003e\u003cbr\u003e\nCheck if there is \u003ccode\u003e\"ice\"\u003c/code\u003e in \u003ccode\u003e\"ice cream\"\u003c/code\u003e.\n\u003cbr\u003e\n",
          "description_format": "html",
          "additional_files": {},
          "update_date": "Dec 21, 2017 11:54:37 AM",
          "task_type": "edu"
        },
        {
          "name": "String length",
          "stepic_id": 186026,
          "task_files": {
            "len_function.py": {
              "name": "len_function.py",
              "text": "phrase \u003d \"\"\"\nIt is a really long string\ntriple-quoted strings are used\nto define multi-line strings\n\"\"\"\nfirst_half \u003d type here\nprint(first_half)\n",
              "placeholders": [
                {
                  "offset": 117,
                  "length": 9,
                  "hints": [
                    "Remember about string slicing."
                  ],
                  "possible_answer": "phrase[:int(len(phrase)/2)]",
                  "placeholder_text": "type here"
                }
              ]
            }
          },
          "test_files": {
            "tests.py": "from test_helper import run_common_tests, passed, failed, import_task_file, get_answer_placeholders, get_file_output\n\n\ndef test_value():\n    output \u003d get_file_output()\n    answer \u003d [\u0027It is a really long string\u0027, \u0027triple-quoted st\u0027]\n    if \u0027to define multi-line strings\u0027 in output:\n        failed(\"Too long string in the output\")\n    else:\n        passed()\n\n    if all(word in output for word in answer):\n        passed()\n    else:\n        failed(\"Too short string in the output\")\n\ndef test_value_python3():\n    import sys\n    if sys.version[0] !\u003d \"3\":\n        passed()\n        return\n    try:\n        import_task_file()\n        passed()\n    except TypeError:\n        failed(\"Division operator returns float in Python 3. Use int() function to convert float to integer.\")\n\nif __name__ \u003d\u003d \u0027__main__\u0027:\n    test_value_python3()\n    run_common_tests()\n\n    test_value()\n"
          },
          "description_text": "\nThe \u003ccode\u003elen()\u003c/code\u003e function is used to count how many characters a string contains.\n\u003cbr\u003e\u003cbr\u003e\nGet the first half of the string stored in the variable \u003ccode\u003ephrase\u003c/code\u003e. \u003cbr\u003e\nNote: Remember about type conversion.\n\u003cbr\u003e\n",
          "description_format": "html",
          "additional_files": {},
          "update_date": "Dec 21, 2017 11:54:37 AM",
          "task_type": "edu"
        },
        {
          "name": "Character escaping",
          "stepic_id": 186027,
          "task_files": {
            "character_escaping.py": {
              "name": "character_escaping.py",
              "text": "dont_worry \u003d \"Don\u0027t worry about apostrophes\"\nprint(dont_worry)\nprint(\"\\\"Sweet\\\" is an ice-cream\")\nprint(\u0027text\u0027)\n",
              "placeholders": [
                {
                  "offset": 105,
                  "length": 4,
                  "hints": [
                    "Use backslash \\\\ to escape quotes."
                  ],
                  "possible_answer": "The name of this ice-cream is \"Sweet\\\u0027n\\\u0027Tasty\"",
                  "placeholder_text": "text"
                }
              ]
            }
          },
          "test_files": {
            "tests.py": "from test_helper import run_common_tests, get_answer_placeholders, passed, failed, get_file_output\n\n\ndef test_value():\n    window \u003d get_answer_placeholders()[0]\n\n    first \u003d \"The name of this ice-cream is \\\\\\\"Sweet\u0027n\u0027Tasty\\\\\\\"\"\n    second \u003d \u0027The name of this ice-cream is \"Sweet\\\\\\\u0027n\\\\\\\u0027Tasty\"\u0027\n\n    if first in window or second in window:\n        passed()\n    else:\n        if \u0027\\\\\\\"Sweet\u0027 in window or \u0027Tasty\\\\\\\"\u0027 in window:\n            failed(\"There is no need to escape double quotation mark in single quoted string\")\n        failed(\"Sorry, the wrong string is printed\")\n\n\ndef test_output():\n    output \u003d get_file_output()\n    index \u003d output.index(\u0027\u0027\u0027\\\"Sweet\\\" is an ice-cream\u0027\u0027\u0027)\n    if index \u003e 0:\n        if len(output) \u003e index + 2:\n            failed(\"Print output in one line\")\n    passed()\n\n\nif __name__ \u003d\u003d \u0027__main__\u0027:\n    run_common_tests()\n    test_output()\n    test_value()\n"
          },
          "description_text": "\nBackslash is used to escape single or double quotation marks,\nfor example \u003ccode\u003e\u0027It\\\u0027s me\u0027\u003c/code\u003e or \u003ccode\u003e\"She said \\\"Hello\\\"\"\u003c/code\u003e.\nThe special symbol \u003ccode\u003e\u0027\\n\u0027\u003c/code\u003e is used to add a line break to a string.\n\u003cbr\u003e\nSingle quotation mark could be used in double quoted string without escaping and vice versa.\n\u003cbr\u003e\u003cbr\u003e\nPrint out the following text using one string:\u003cbr\u003e\nThe name of this ice-cream is \"Sweet\u0027n\u0027Tasty\"\n\u003cbr\u003e\n",
          "description_format": "html",
          "additional_files": {},
          "update_date": "Dec 21, 2017 11:54:37 AM",
          "task_type": "edu"
        },
        {
          "name": "Basic string methods",
          "stepic_id": 186028,
          "task_files": {
            "string_methods.py": {
              "name": "string_methods.py",
              "text": "monty_python \u003d \"Monty Python\"\nprint(monty_python)\n\nprint(monty_python.lower())    # print lower-cased version of the string\n\nprint(upper cased monty_python)\n",
              "placeholders": [
                {
                  "offset": 131,
                  "length": 24,
                  "hints": [
                    "Look at the lower() method usage."
                  ],
                  "possible_answer": "monty_python.upper()",
                  "placeholder_text": "upper cased monty_python"
                }
              ]
            }
          },
          "test_files": {
            "tests.py": "from test_helper import run_common_tests, failed, passed, get_answer_placeholders\n\n\ndef test_value():\n    window \u003d get_answer_placeholders()[0]\n\n    if \"monty_python.upper()\" in window:\n        passed()\n    else:\n        failed(\"Use upper() method\")\n\nif __name__ \u003d\u003d \u0027__main__\u0027:\n    run_common_tests()\n    test_value()\n\n"
          },
          "description_text": "\nThere are a lot of useful string methods. You can use the \u003ccode\u003elower()\u003c/code\u003e\nmethod to get rid of any capitalization in your strings.\nThe \u003ccode\u003eupper()\u003c/code\u003e method is used to make a string uppercase.\nTo call any string method, type a dot after the string (or a variable containing the string)\nand the method name after it, e.g. \u003ccode\u003e\"John\".upper()\u003c/code\u003e.\nIn PyCharm, you can explore all available string methods by using Ctrl+Space after a dot.\n\u003cbr\u003e\u003cbr\u003e\nPrint \u003ccode\u003emonty_python\u003c/code\u003e in upper case.\n\u003cbr\u003e\n",
          "description_format": "html",
          "additional_files": {},
          "update_date": "Dec 21, 2017 11:54:37 AM",
          "task_type": "edu"
        },
        {
          "name": "String formatting",
          "stepic_id": 186029,
          "task_files": {
            "string_formatting.py": {
              "name": "string_formatting.py",
              "text": "name \u003d \"John\"\nprint(\"Hello, PyCharm! My name is %s!\" % name)     # Note: %s is inside the string, % is after the string\n\nprint(\"I\u0027m special symbol years old\" % years)\n",
              "placeholders": [
                {
                  "offset": 132,
                  "length": 14,
                  "hints": [
                    "Use %d special symbol."
                  ],
                  "possible_answer": "%d",
                  "placeholder_text": "special symbol"
                },
                {
                  "offset": 160,
                  "length": 5,
                  "hints": [
                    "How old are you?"
                  ],
                  "possible_answer": "17",
                  "placeholder_text": "years"
                }
              ]
            }
          },
          "test_files": {
            "tests.py": "from test_helper import run_common_tests, passed, failed, get_answer_placeholders, import_task_file, get_file_output\n\n\ndef test_window1():\n    windows \u003d get_answer_placeholders()\n\n    if windows[1].isdigit():\n        passed()\n        return\n    else:\n        output \u003d get_file_output()\n        if len(output) \u003e 1:\n            import re\n\n            p \u003d re.compile(\"I\u0027m (\\d*) years old\")\n            if p.match(output[1]) is not None:\n                passed()\n                return\n    failed(\"Print digit\")\n\n\ndef test_window():\n    windows \u003d get_answer_placeholders()\n\n    if windows[0] \u003d\u003d \"%d\":\n        passed()\n    else:\n        failed(\"Use %d special symbol\")\n\n\nif __name__ \u003d\u003d \u0027__main__\u0027:\n    run_common_tests()\n    test_window()\n    test_window1()\n"
          },
          "description_text": "\nThe \u003ccode\u003e%\u003c/code\u003e operator after a string is used to combine a string with variables.\nThe \u003ccode\u003e%\u003c/code\u003e operator will replace \u003ccode\u003e%s\u003c/code\u003e in a string with the string variable that comes after it.\nThe \u003ccode\u003e%d\u003c/code\u003e special symbol is used as a placeholder for numeric or decimal values.\n\u003cbr\u003e\u003cbr\u003e\nTell PyCharm how old you are.\n\u003cbr\u003e\n",
          "description_format": "html",
          "additional_files": {},
          "update_date": "Dec 21, 2017 11:54:37 AM",
          "task_type": "edu"
        }
      ],
      "type": "lesson"
    },
    {
      "id": 13420,
      "update_date": "Dec 21, 2017 11:55:46 AM",
      "title": "Data structures",
      "task_list": [
        {
          "name": "Lists introduction",
          "stepic_id": 186030,
          "task_files": {
            "lists.py": {
              "name": "lists.py",
              "text": "squares \u003d [1, 4, 9, 16, 25]   # create new list\nprint(squares)\n\nprint(slice)\n",
              "placeholders": [
                {
                  "offset": 70,
                  "length": 5,
                  "hints": [
                    "Use list slicing lst[index1:index2]"
                  ],
                  "possible_answer": "squares[1:4]",
                  "placeholder_text": "slice"
                }
              ]
            }
          },
          "test_files": {
            "tests.py": "from test_helper import run_common_tests, get_answer_placeholders, passed, failed, get_file_output, test_file_importable\n\n\ndef test_value():\n    output \u003d get_file_output()[1]\n    if \"[4, 9, 16]\" in output:\n        passed()\n    else:\n        failed(\"Use list slicing lst[index1:index2]\")\n\ndef test_window():\n    window \u003d get_answer_placeholders()[0]\n    if \"squares\" in window and \"[\" in window and \"]\" in window and \":\" in window:\n        passed()\n    else:\n        failed(\"Use list slicing lst[index1:index2]\")\n\nif __name__ \u003d\u003d \u0027__main__\u0027:\n    test_file_importable()\n    test_value()\n    test_window()\n    run_common_tests(\"Use list slicing lst[index1:index2]\")\n\n"
          },
          "description_text": "\nA list is a data structure you can use to store a collection of different pieces of information under a single variable name.\nA list can be written as an array of comma-separated values (items) between square brackets,\ne.g. \u003ccode\u003elst \u003d [item1, item2]\u003c/code\u003e.\nLists might contain items of different types, but usually all the items in the list are of the same type.\nLike strings, lists can be indexed and sliced (see \u003ca href\u003d\"#lesson3#task3#\"\u003eLesson 3\u003c/a\u003e).\n\u003cbr\u003e\u003cbr\u003e\nUse list slicing to print \u003ccode\u003e[4, 9, 16]\u003c/code\u003e.\n\n\u003cbr\u003e\n",
          "description_format": "html",
          "additional_files": {},
          "update_date": "Dec 21, 2017 11:55:41 AM",
          "task_type": "edu"
        },
        {
          "name": "Lists operations",
          "stepic_id": 186031,
          "task_files": {
            "list_operations.py": {
              "name": "list_operations.py",
              "text": "animals \u003d [\u0027elephant\u0027, \u0027lion\u0027, \u0027tiger\u0027, \"giraffe\"]  # create new list\nprint(animals)\n\nanimals +\u003d [\"monkey\", \u0027dog\u0027]    # add two items to the list\nprint(animals)\n\nanimals.append(\"dino\")   # add one more item to the list using append() method\nprint(animals)\n\nreplace \u0027dino\u0027 with \u0027dinosaur\u0027\nprint(animals)\n",
              "placeholders": [
                {
                  "offset": 257,
                  "length": 30,
                  "hints": [
                    "Use indexing operation and assignment."
                  ],
                  "possible_answer": "animals[-1] \u003d \u0027dinosaur\u0027",
                  "placeholder_text": "replace \u0027dino\u0027 with \u0027dinosaur\u0027"
                }
              ]
            }
          },
          "test_files": {
            "tests.py": "from test_helper import run_common_tests, import_task_file, passed, failed, get_answer_placeholders\n\n\ndef test_value():\n    file \u003d import_task_file()\n    if hasattr(file, \"animals\") and \"dinosaur\" in file.animals and not \"dino\" in file.animals:\n        passed()\n    else:\n        failed(\"Replace \u0027dino\u0027 with \u0027dinosaur\u0027\")\n\ndef test_window():\n    window \u003d get_answer_placeholders()[0]\n    if \"animals\" in window and \"[\" in window:\n        passed()\n    else:\n        failed(\"Replace \u0027dino\u0027 with \u0027dinosaur\u0027\")\n\nif __name__ \u003d\u003d \u0027__main__\u0027:\n    run_common_tests(\"Use indexing and assignment\")\n    test_value()\n    test_window()\n"
          },
          "description_text": "\nYou can add new items at the end of the list, by using the \u003ccode\u003eappend()\u003c/code\u003e method and concatenation.\nUnlike strings, lists are a mutable type, i.e. it is possible to change their content using\n\u003ccode\u003elst[index] \u003d new_item\u003c/code\u003e\n\u003cbr\u003e\u003cbr\u003e\nReplace \u003ccode\u003e\u0027dino\u0027\u003c/code\u003e with \u003ccode\u003e\u0027dinosaur\u0027\u003c/code\u003e in the \u003ccode\u003eanimals\u003c/code\u003e list.\n\u003cbr\u003e\n",
          "description_format": "html",
          "additional_files": {},
          "update_date": "Dec 21, 2017 11:55:41 AM",
          "task_type": "edu"
        },
        {
          "name": "List items",
          "stepic_id": 186032,
          "task_files": {
            "list_items.py": {
              "name": "list_items.py",
              "text": "animals \u003d [\u0027elephant\u0027, \u0027lion\u0027, \u0027tiger\u0027, \"giraffe\", \"monkey\", \u0027dog\u0027]   # create new list\nprint(animals)\n\nanimals[1:3] \u003d [\u0027cat\u0027]    # replace 2 items -- \u0027lion\u0027 and \u0027tiger\u0027 with one item -- \u0027cat\u0027\nprint(animals)\n\nanimals[1:3] \u003d []     # remove 2 items -- \u0027cat\u0027 and \u0027giraffe\u0027 from the list\nprint(animals)\n\nclear list\nprint(animals)\n",
              "placeholders": [
                {
                  "offset": 301,
                  "length": 10,
                  "hints": [
                    "Use assignment to an empty list []."
                  ],
                  "possible_answer": "animals[:] \u003d []",
                  "placeholder_text": "clear list"
                }
              ]
            }
          },
          "test_files": {
            "tests.py": "from test_helper import run_common_tests, failed, passed, import_task_file, get_answer_placeholders\n\n\ndef test_value():\n    file \u003d import_task_file()\n    if hasattr(file, \"animals\") and not file.animals:\n        passed()\n    else:\n        failed(\"Clear animals list\")\n\ndef test_window():\n    window \u003d get_answer_placeholders()[0]\n    if \"animals\" in window:\n        passed()\n    else:\n        failed(\"Clear animals list\")\n\nif __name__ \u003d\u003d \u0027__main__\u0027:\n    run_common_tests(\"Use assignment to empty list\")\n    test_window()\n    test_value()\n"
          },
          "description_text": "\nAssignment to slices is also possible, and this can even change the size of a list or clear it entirely.\n\u003cbr\u003e\u003cbr\u003e\nClear \u003ccode\u003eanimals\u003c/code\u003e list.\n\u003cbr\u003e\n",
          "description_format": "html",
          "additional_files": {},
          "update_date": "Dec 21, 2017 11:55:41 AM",
          "task_type": "edu"
        },
        {
          "name": "Tuples",
          "stepic_id": 186033,
          "task_files": {
            "tuples.py": {
              "name": "tuples.py",
              "text": "alphabet \u003d (\u0027a\u0027, \u0027b\u0027, \u0027c\u0027, \u0027d\u0027, \u0027e\u0027, \u0027f\u0027, \u0027g\u0027, \u0027h\u0027, \u0027i\u0027, \u0027j\u0027, \u0027k\u0027, \u0027l\u0027, \u0027m\u0027, \u0027n\u0027, \u0027o\u0027,\n            \u0027p\u0027, \u0027q\u0027, \u0027r\u0027, \u0027s\u0027, \u0027t\u0027, \u0027u\u0027, \u0027v\u0027, \u0027w\u0027, \u0027x\u0027, \u0027y\u0027, \u0027z\u0027)\n\nprint(alphabet length)\n",
              "placeholders": [
                {
                  "offset": 161,
                  "length": 15,
                  "hints": [
                    "Use len() function."
                  ],
                  "possible_answer": "len(alphabet)",
                  "placeholder_text": "alphabet length"
                }
              ]
            }
          },
          "test_files": {
            "tests.py": "from test_helper import run_common_tests, passed, failed, get_answer_placeholders\n\n\ndef test_window():\n    window \u003d get_answer_placeholders()[0]\n    if \"len(\" in window:\n        passed()\n    else:\n        failed(\"Use len() function\")\n\n\nif __name__ \u003d\u003d \u0027__main__\u0027:\n    run_common_tests(\"Use len() function\")\n    test_window()"
          },
          "description_text": "\nTuples are almost identical to lists. The only significant difference between tuples and lists is that\ntuples cannot be changed:\nyou cannot add, change, or delete elements from the tuple.\nTuples are constructed by a comma operator enclosed in parentheses, for example \u003ccode\u003e(a, b, c)\u003c/code\u003e.\nA single item tuple must have a trailing comma, such as \u003ccode\u003e(d,)\u003c/code\u003e.\n\n\u003cbr\u003e\u003cbr\u003e\nPrint the length of the \u003ccode\u003ealphabet\u003c/code\u003e.\n\u003cbr\u003e\n",
          "description_format": "html",
          "additional_files": {},
          "update_date": "Dec 21, 2017 11:55:41 AM",
          "task_type": "edu"
        },
        {
          "name": "In keyword",
          "stepic_id": 186036,
          "task_files": {
            "in_keyword.py": {
              "name": "in_keyword.py",
              "text": "grocery_list \u003d [\"fish\", \"tomato\", \u0027apples\u0027]   # create new list\n\nprint(\"tomato\" keyword grocery_list)    # check that grocery_list contains \"tomato\" item\n\n",
              "placeholders": [
                {
                  "offset": 80,
                  "length": 7,
                  "hints": [
                    "Try using the new keyword to check the list for an item\n"
                  ],
                  "possible_answer": "in",
                  "placeholder_text": "keyword"
                }
              ]
            }
          },
          "test_files": {
            "tests.py": "from test_helper import run_common_tests, failed, passed, get_answer_placeholders\n\n\ndef test_window():\n    window \u003d get_answer_placeholders()[0]\n    if \" in \" in window:\n        passed()\n    else:\n        failed(\"Use in keyword\")\n\nif __name__ \u003d\u003d \u0027__main__\u0027:\n    run_common_tests(\"Use in keyword\")\n    test_window()\n"
          },
          "description_text": "\nThe \u003ccode\u003ein\u003c/code\u003e keyword is used to check if a list or  contains a specific item, check whether the tomato is in the list.\n\n",
          "description_format": "html",
          "additional_files": {},
          "update_date": "Dec 21, 2017 11:55:41 AM",
          "task_type": "edu"
        }
      ],
      "type": "lesson"
    },
    {
      "id": 13422,
      "update_date": "Dec 21, 2017 11:56:08 AM",
      "title": "Condition expressions",
      "task_list": [
        {
          "name": "Boolean operators",
          "stepic_id": 186037,
          "task_files": {
            "boolean_operators.py": {
              "name": "boolean_operators.py",
              "text": "name \u003d \"John\"\nage \u003d 17\n\nprint(name \u003d\u003d \"John\" or age \u003d\u003d 17)    # checks that either name equals to \"John\" OR age equals to 17\n\nprint(John is not 23 years old)\n",
              "placeholders": [
                {
                  "offset": 132,
                  "length": 24,
                  "hints": [
                    "Use and keyword and !\u003d operator."
                  ],
                  "possible_answer": "name \u003d\u003d \u0027John\u0027 and age !\u003d 23",
                  "placeholder_text": "John is not 23 years old"
                }
              ]
            }
          },
          "test_files": {
            "tests.py": "from test_helper import run_common_tests, passed, failed, get_answer_placeholders\n\n\ndef test_window():\n    window \u003d get_answer_placeholders()[0]\n    if \"name\" in window and \"John\" in window and \"and\" in window and \"23\" in window:\n        passed()\n    else:\n        failed(\"Use \u0027and\u0027 keyword and !\u003d operator\")\n\n\nif __name__ \u003d\u003d \u0027__main__\u0027:\n    run_common_tests(\"Use \u0027and\u0027 keyword and !\u003d operator\")\n    test_window()"
          },
          "description_text": "\nBoolean operators compare statements and return results in boolean values.\nThe boolean operator \u003ccode\u003eand\u003c/code\u003e returns \u003ccode\u003eTrue\u003c/code\u003e when the expressions on both sides of \u003ccode\u003eand\u003c/code\u003e are \u003ccode\u003eTrue\u003c/code\u003e.\nThe boolean operator \u003ccode\u003eor\u003c/code\u003e returns \u003ccode\u003eTrue\u003c/code\u003e when at least one expression on either side of \u003ccode\u003eor\u003c/code\u003e is \u003ccode\u003eTrue\u003c/code\u003e.\nThe boolean operator \u003ccode\u003enot\u003c/code\u003e inverts the boolean expression it precedes.\n\u003cbr\u003e\u003cbr\u003e\nCheck if \u003ccode\u003ename\u003c/code\u003e is equal to \u003ccode\u003e\"John\"\u003c/code\u003e and he is not \u003ccode\u003e23\u003c/code\u003e years old.\n\u003cbr\u003e\n",
          "description_format": "html",
          "additional_files": {},
          "update_date": "Dec 21, 2017 11:56:07 AM",
          "task_type": "edu"
        },
        {
          "name": "Boolean operators order",
          "stepic_id": 186038,
          "task_files": {
            "boolean_order.py": {
              "name": "boolean_order.py",
              "text": "name \u003d \"John\"\nage \u003d 17\n\nprint(name \u003d\u003d \"John\" or not age \u003e 17)\n\nprint(name \u003d\u003d \"John\" or not age \u003e 17)\n\nprint(\"name\" is \"Ellis\" or not (\"name\" equal \"John\" and he is 17 years old))\n",
              "placeholders": [
                {
                  "offset": 108,
                  "length": 69,
                  "hints": [
                    "Combine \u0027and\u0027, \u0027or\u0027 and \u0027not\u0027 keywords."
                  ],
                  "possible_answer": "name is \"Ellis\" or not (name is \"John\" and age \u003d\u003d 17)",
                  "placeholder_text": "\"name\" is \"Ellis\" or not (\"name\" equal \"John\" and he is 17 years old)"
                }
              ]
            }
          },
          "test_files": {
            "tests.py": "from test_helper import run_common_tests, failed, passed, get_answer_placeholders\n\n\ndef test_window():\n    window \u003d get_answer_placeholders()[0]\n    if \" and \" in window and \" or \" in window and \" not \" in window:\n        passed()\n    else:\n        failed(\"Use \u0027and\u0027, \u0027or\u0027 and \u0027not\u0027 keywords\")\n\n\nif __name__ \u003d\u003d \u0027__main__\u0027:\n    run_common_tests(\"Use \u0027and\u0027, \u0027or\u0027 and \u0027not\u0027 keywords\")\n    test_window()"
          },
          "description_text": "\nBoolean operators are not evaluated from left to right. There\u0027s an order of operations for boolean operators:\n\u003ccode\u003enot\u003c/code\u003e is evaluated first, \u003ccode\u003eand\u003c/code\u003e is evaluated next, \u003ccode\u003eor\u003c/code\u003e is evaluated last.\n\u003cbr\u003e\u003cbr\u003e\nCheck if \u003ccode\u003ename\u003c/code\u003e is \u003ccode\u003e\"Ellis\"\u003c/code\u003e or\nit\u0027s not true that \u003ccode\u003ename\u003c/code\u003e equal \u003ccode\u003e\"John\"\u003c/code\u003e and\nhe is \u003ccode\u003e17\u003c/code\u003e years old at the same time.\n\u003cbr\u003e\n",
          "description_format": "html",
          "additional_files": {},
          "update_date": "Dec 21, 2017 11:56:07 AM",
          "task_type": "edu"
        },
        {
          "name": "If statement",
          "stepic_id": 186039,
          "task_files": {
            "if_statement.py": {
              "name": "if_statement.py",
              "text": "name \u003d \"John\"\nage \u003d 17\n\nif name \u003d\u003d \"John\" or age \u003d\u003d 17:   # check that name is \"John\" or age is 17. If so print next 2 lines.\n    print(\"name is John\")\n    print(\"John is 17 years old\")\n\ntasks \u003d [\u0027task1\u0027, \u0027task2\u0027]    # create new list\n\ncheck if \u0027tasks\u0027 is empty\n    print(\"empty\")\n",
              "placeholders": [
                {
                  "offset": 236,
                  "length": 25,
                  "hints": [
                    "Use len function to check if tasks is empty."
                  ],
                  "possible_answer": "if len(tasks) \u003d\u003d 0:",
                  "placeholder_text": "check if \u0027tasks\u0027 is empty"
                }
              ]
            }
          },
          "test_files": {
            "tests.py": "from test_helper import run_common_tests, failed, passed, get_answer_placeholders\n\n\ndef test_window():\n    window \u003d get_answer_placeholders()[0]\n    if \":\" in window:\n        passed()\n    else:\n        failed(\"Don\u0027t forget a column at the end\")\n\n\ndef test_len():\n    window \u003d get_answer_placeholders()[0]\n    if \"len\" in window:\n        passed()\n    elif \"not\" in window:\n        passed()\n    else:\n        failed(\"Use len function to check that tasks is empty\")\n\n\nif __name__ \u003d\u003d \u0027__main__\u0027:\n    run_common_tests()\n    test_window()\n    test_len()"
          },
          "description_text": "\nThe \u003ccode\u003eif\u003c/code\u003e keyword is used to form a conditional statement that executes some specified code after checking if its expression is \u003ccode\u003eTrue\u003c/code\u003e.\nPython uses indentation to define code blocks.\n\u003cbr\u003e\u003cbr\u003e\nPrint \u003ccode\u003e\"empty\"\u003c/code\u003e if the \u003ccode\u003etasks\u003c/code\u003e list is empty.\n\u003cbr\u003e\n",
          "description_format": "html",
          "additional_files": {},
          "update_date": "Dec 21, 2017 11:56:07 AM",
          "task_type": "edu"
        },
        {
          "name": "Else, elif part in if statement",
          "stepic_id": 186040,
          "task_files": {
            "else_elif.py": {
              "name": "else_elif.py",
              "text": "x \u003d 28\n\nif x \u003c 0:\n    print(\u0027x \u003c 0\u0027)                      # executes only if x \u003c 0\nelif x \u003d\u003d 0:\n    print(\u0027x is zero\u0027)                 # if it\u0027s not true that x \u003c 0, check if x \u003d\u003d 0\nelif x \u003d\u003d 1:\n    print(\u0027x \u003d\u003d 1\u0027)                    # if it\u0027s not true that x \u003c 0 and x !\u003d 0, check if x \u003d\u003d 1\nelse:\n    print(\u0027non of the above is true\u0027)\n\nname \u003d \"John\"\n\ncheck if name equal to \"John\"\n    print(True)\notherwise\n    print(False)\n",
              "placeholders": [
                {
                  "offset": 352,
                  "length": 29,
                  "hints": [
                    "Use if keyword and \u003d\u003d operator."
                  ],
                  "possible_answer": "if name \u003d\u003d \u0027John\u0027:",
                  "placeholder_text": "check if name equal to \"John\""
                },
                {
                  "offset": 398,
                  "length": 9,
                  "hints": [
                    "Use else keyword."
                  ],
                  "possible_answer": "else:",
                  "placeholder_text": "otherwise"
                }
              ]
            }
          },
          "test_files": {
            "tests.py": "from test_helper import run_common_tests, get_answer_placeholders, passed, failed\n\n\ndef test_window1():\n    window \u003d get_answer_placeholders()[0]\n    if \"John\" in window and \"if \" in window:\n        if \"\u003d\u003d\" in window or \"is\" in window:\n            passed()\n        else:\n            failed(\"Check equality\")\n    else:\n        failed(\"Use if keyword\")\n\n\ndef test_window2():\n    window \u003d get_answer_placeholders()[1]\n    if \"else\" in window:\n        passed()\n    else:\n        failed(\"Use else keyword\")\n\n\ndef test_columns():\n    windows \u003d get_answer_placeholders()\n    if \":\" in windows[0] and \":\" in windows[1]:\n        passed()\n    else:\n        failed(\"Don\u0027t forget a colon at the end\")\n\nif __name__ \u003d\u003d \u0027__main__\u0027:\n    run_common_tests(\"Use if/else keywords\")\n    test_window1()\n    test_window2()\n    test_columns()\n"
          },
          "description_text": "\nThe \u003ccode\u003eelse\u003c/code\u003e statement complements the \u003ccode\u003eif\u003c/code\u003e\nstatement. The \u003ccode\u003eelif\u003c/code\u003e keyword is short for \"else if\".\n\u003cbr\u003e\u003cbr\u003e\nPrint \u003ccode\u003eTrue\u003c/code\u003e if name is equal to \u003ccode\u003e\"John\"\u003c/code\u003e\nand \u003ccode\u003eFalse\u003c/code\u003e otherwise.\n\u003cbr\u003e\n",
          "description_format": "html",
          "additional_files": {},
          "update_date": "Dec 21, 2017 11:56:07 AM",
          "task_type": "edu"
        }
      ],
      "type": "lesson"
    },
    {
      "id": 13423,
      "update_date": "Jul 26, 2018 4:25:03 PM",
      "title": "Loops",
      "task_list": [
        {
          "name": "For loop",
          "stepic_id": 186041,
          "task_files": {
            "for_loop.py": {
              "name": "for_loop.py",
              "text": "for i in range(5):    # for each number i in range 0-4. range(5) function returns list [0, 1, 2, 3, 4]\n    print(i)          # this line is executed 5 times. First time i equals 0, then 1, ...\n\n\nprimes \u003d [2, 3, 5, 7]   # create new list\n\niterate over primes using for loop\n    print(prime)\n",
              "placeholders": [
                {
                  "offset": 238,
                  "length": 34,
                  "hints": [
                    "Use for loop to iterate over \u0027primes\u0027."
                  ],
                  "possible_answer": "for prime in primes:",
                  "placeholder_text": "iterate over primes using for loop"
                }
              ]
            }
          },
          "test_files": {
            "tests.py": "from test_helper import run_common_tests, failed, passed, get_answer_placeholders\n\n\ndef test_window():\n    window \u003d get_answer_placeholders()[0]\n    if \"prime\" in window and \"for \" in window and \"primes\" in window and \" in \" in window:\n        passed()\n    else:\n        failed(\"Use for loop to iterate over \u0027primes\u0027\")\n\n\nif __name__ \u003d\u003d \u0027__main__\u0027:\n    run_common_tests()\n    test_window()"
          },
          "description_text": "\n\u003ccode\u003efor\u003c/code\u003e loops are used to iterate over a given sequence.\nOn each iteration, the variable defined in the \u003ccode\u003efor\u003c/code\u003e\nloop will be assigned to the next value in the list.\n\n\u003cbr\u003e\u003cbr\u003e\nPrint each prime number from the \u003ccode\u003eprimes\u003c/code\u003e list using the \u003ccode\u003efor\u003c/code\u003e loop.\nA prime number is a natural number greater than \u003ccode\u003e1\u003c/code\u003e that has no positive divisors other than \u003ccode\u003e1\u003c/code\u003e and itself.\n\u003cbr\u003e\n",
          "description_format": "html",
          "additional_files": {},
          "update_date": "Dec 21, 2017 11:56:29 AM",
          "task_type": "edu"
        },
        {
          "name": "For loop using string",
          "stepic_id": 186042,
          "task_files": {
            "for_string.py": {
              "name": "for_string.py",
              "text": "hello_world \u003d \"Hello, World!\"\n\nfor ch in hello_world:    # print each character from hello_world\n    print(ch)\n\nlength \u003d 0      # initialize length variable\n\ncount how many characters are in the hello_world using loop\n    length +\u003d 1     # add 1 to the length on each iteration\n\nprint(len(hello_world) \u003d\u003d length)\n",
              "placeholders": [
                {
                  "offset": 158,
                  "length": 59,
                  "hints": [
                    "Use for loop to iterate over \u0027hello_world\u0027 string."
                  ],
                  "possible_answer": "for ch in hello_world:",
                  "placeholder_text": "count how many characters are in the hello_world using loop"
                }
              ]
            }
          },
          "test_files": {
            "tests.py": "from test_helper import run_common_tests, failed, passed, get_answer_placeholders, import_task_file\n\n\ndef test_value():\n    file \u003d import_task_file()\n    if hasattr(file, \"length\") and file.length \u003d\u003d 13:\n        passed()\n    else:\n        failed(\"Count again\")\n\ndef test_window():\n    window \u003d get_answer_placeholders()[0]\n    if \"for \" in window:\n        passed()\n    else:\n        failed(\"Use a for loop to iterate over the hello_world string\")\n\n\nif __name__ \u003d\u003d \u0027__main__\u0027:\n    run_common_tests()\n    test_window()\n    test_value()"
          },
          "description_text": "\nStrings are very similar to lists in Python. You can use string to iterate over it.\n\u003cbr\u003e\u003cbr\u003e\nUse a loop to count how many characters \u003ccode\u003ehello_world\u003c/code\u003e contains. Store this number in the \u003ccode\u003elength\u003c/code\u003e variable.\n\u003cbr\u003e\n",
          "description_format": "html",
          "additional_files": {},
          "update_date": "Dec 21, 2017 11:56:29 AM",
          "task_type": "edu"
        },
        {
          "name": "While loop",
          "stepic_id": 186043,
          "task_files": {
            "while_loop.py": {
              "name": "while_loop.py",
              "text": "square \u003d 1\n\nwhile square \u003c\u003d 10:\n    print(square)    # This code is executed 10 times\n    square +\u003d 1      # This code is executed 10 times\n\nprint(\"Finished\")  # This code is executed once\n\nsquare \u003d 0\nnumber \u003d 1\n\nprint all squares from 0 to 99\n    square \u003d number ** 2\n    print(square)\n    number +\u003d 1\n",
              "placeholders": [
                {
                  "offset": 213,
                  "length": 30,
                  "hints": [
                    "Check if \u0027number\u0027 is strictly less than 10 in condition."
                  ],
                  "possible_answer": "while square \u003c 81:",
                  "placeholder_text": "print all squares from 0 to 99"
                }
              ]
            }
          },
          "test_files": {
            "tests.py": "from test_helper import run_common_tests, failed, passed, get_answer_placeholders, get_file_output\n\n\ndef test_column():\n    window \u003d get_answer_placeholders()[0]\n    if \":\" in window:\n        passed()\n    else:\n        failed(\"Don\u0027t forget a colon at the end\")\n\n\ndef test_window():\n    window \u003d get_answer_placeholders()[0]\n    if \"while \" in window:\n        passed()\n    else:\n        failed(\"Use a while loop to iterate\")\n\n\ndef test_window1():\n    window \u003d get_answer_placeholders()[0]\n    if \"number\" in window:\n        passed()\n    elif \u0027square\u0027 in window:\n        passed()\n    else:\n        failed(\"Use \u0027number\u0027 variable in the while condition\")\n\n\ndef test_window2():\n    window \u003d get_answer_placeholders()[0]\n    if \"10\" in window:\n        if \"\u003c\" in window or \"10 \u003e\" in window:\n            passed()\n    elif \u0027square\u0027 in window:\n        if \"\u003c\" and \"81\" in window:\n            passed()\n    else:\n        failed(\"Check that \u0027number\u0027 is strictly less than 10 in the condition\")\n\n\ndef test_output():\n    output \u003d get_file_output()\n    if \"Finished\" not in output:\n        failed(\"Sorry, this answer is wrong\")\n        return\n    border \u003d output.index(\"Finished\")\n    user_squares \u003d output[border + 1:]\n    user_squares \u003d [x for x in user_squares if x]\n    correct_answer \u003d list(map(str, [x * x for x in range(1, 10)]))\n    if correct_answer \u003d\u003d user_squares:\n        passed()\n    else:\n        failed(\"Sorry, this answer is wrong\")\n\nif __name__ \u003d\u003d \u0027__main__\u0027:\n    run_common_tests()\n    test_window()\n    test_window1()\n    test_window2()\n    test_column()\n    test_output()\n"
          },
          "description_text": "\nA \u003ccode\u003ewhile\u003c/code\u003e loop is similar to an \u003ccode\u003eif\u003c/code\u003e statement: it executes some code if some condition is true.\nThe key difference is that it will continue to execute indented code for as long as the condition is \u003ccode\u003eTrue\u003c/code\u003e.\n\u003cbr\u003e\u003cbr\u003e\nPrint all squares from \u003ccode\u003e1\u003c/code\u003e to \u003ccode\u003e99\u003c/code\u003e \u003ccode\u003e(1, 4, ... , 81)\u003c/code\u003e.\nUse \u003ccode\u003enumber\u003c/code\u003e variable in \u003ccode\u003ewhile\u003c/code\u003e loop.\n\u003cbr\u003e\n",
          "description_format": "html",
          "additional_files": {},
          "update_date": "Jul 26, 2018 4:25:03 PM",
          "task_type": "edu"
        },
        {
          "name": "Break keyword",
          "stepic_id": 186044,
          "task_files": {
            "break_keyword.py": {
              "name": "break_keyword.py",
              "text": "count \u003d 0\n\nwhile True:  # this condition cannot possibly be false\n    print(count)\n    count +\u003d 1\n    if count \u003e\u003d 5:\n        break           # exit loop if count \u003e\u003d 5\n\n\nzoo \u003d [\"lion\", \u0027tiger\u0027, \u0027elephant\u0027]\nwhile True:                         # this condition cannot possibly be false\n    animal \u003d zoo.pop()       # extract one element from the list end\n    print(animal)\n    if exit loop if animal is \u0027elephant\u0027:\n        break           # exit loop\n",
              "placeholders": [
                {
                  "offset": 377,
                  "length": 33,
                  "hints": [
                    "Use \u003d\u003d to check if animal is equal to \u0027elephant\u0027."
                  ],
                  "possible_answer": "animal \u003d\u003d \u0027elephant\u0027",
                  "placeholder_text": "exit loop if animal is \u0027elephant\u0027"
                }
              ]
            }
          },
          "test_files": {
            "tests.py": "from test_helper import run_common_tests, passed, failed, get_answer_placeholders\n\n\ndef test_window():\n    window \u003d get_answer_placeholders()[0]\n    if \"elephant\" in window and \"animal\" in window:\n        passed()\n    else:\n        failed(\"Use \u003d\u003d to check that animal is equal to \u0027elephant\u0027\")\n\n\n\nif __name__ \u003d\u003d \u0027__main__\u0027:\n    run_common_tests()\n    test_window()"
          },
          "description_text": "\nAn infinite loop is a loop that never exits. If the loop condition happens to always be \u003ccode\u003eTrue\u003c/code\u003e, such a loop becomes infinite.\nThe \u003ccode\u003ebreak\u003c/code\u003e keyword is used to exit the current loop.\n\u003cbr\u003e\u003cbr\u003e\nExit the loop correctly using \u003ccode\u003ebreak\u003c/code\u003e statement.\n\u003cbr\u003e\n",
          "description_format": "html",
          "additional_files": {},
          "update_date": "Dec 21, 2017 11:56:29 AM",
          "task_type": "edu"
        },
        {
          "name": "Continue keyword",
          "stepic_id": 186045,
          "task_files": {
            "continue_keyword.py": {
              "name": "continue_keyword.py",
              "text": "for i in range(5):\n    if i \u003d\u003d 3:\n        continue   # skip the rest of the code inside loop for current i value\n    print(i)\n\nfor x in range(10):\n    if Check if x is even:\n        continue   # skip print(x) for this loop\n    print(x)\n",
              "placeholders": [
                {
                  "offset": 154,
                  "length": 18,
                  "hints": [
                    "Use % operator to check if x is even."
                  ],
                  "possible_answer": "x % 2 \u003d\u003d 0",
                  "placeholder_text": "Check if x is even"
                }
              ]
            }
          },
          "test_files": {
            "tests.py": "from test_helper import run_common_tests, passed, failed, get_answer_placeholders, get_file_output\n\n\ndef test_window():\n    window \u003d get_answer_placeholders()[0]\n    if \"x\" in window and \"%\" in window:\n        passed()\n    else:\n        failed(\"Use % operator to check that x is even\")\n\n\ndef test_output():\n    numbers \u003d [\u00270\u0027, \u00272\u0027, \u00274\u0027, \u00276\u0027, \u00278\u0027]\n    output \u003d get_file_output()\n    if len(output) \u003e 4:\n        output \u003d output[4:]\n    if any(number in output for number in numbers):\n        failed(\"Print only odd the numbers\")\n    else:\n        passed()\n\n\nif __name__ \u003d\u003d \u0027__main__\u0027:\n    run_common_tests()\n    test_output()\n    test_window()\n"
          },
          "description_text": "\nThe \u003ccode\u003econtinue\u003c/code\u003e keyword is used to skip the rest of the code inside the loop for the currently executed loop and return to the \u003ccode\u003efor\u003c/code\u003e or \u003ccode\u003ewhile\u003c/code\u003e statement.\n\u003cbr\u003e\u003cbr\u003e\nPrint only odd the numbers \u003ccode\u003e1, 3, 5, 7, 9\u003c/code\u003e.\n\u003cbr\u003e\n",
          "description_format": "html",
          "additional_files": {},
          "update_date": "Dec 21, 2017 11:56:29 AM",
          "task_type": "edu"
        }
      ],
      "type": "lesson"
    },
    {
      "id": 13424,
      "update_date": "Dec 21, 2017 11:56:58 AM",
      "title": "Functions",
      "task_list": [
        {
          "name": "Definition",
          "stepic_id": 186046,
          "task_files": {
            "functions.py": {
              "name": "functions.py",
              "text": "def hello_world():  # function named my_function\n    print(\"Hello, World!\")\n\nfor i in range(5):\n    hello_world()   # call function defined above 5 times\n\nprint(\u0027I want to be a function\u0027)\nprint(\u0027I want to be a function\u0027)\nprint(\u0027I want to be a function\u0027)\n\n\ndefine a function named \u0027fun\u0027 to replace three lines above\n    print(\u0027I want to be a function\u0027)\n\nfor i in range(3):\n    fun()\n",
              "placeholders": [
                {
                  "offset": 256,
                  "length": 58,
                  "hints": [
                    "Use \u0027def\u0027 keyword to define \u0027fun\u0027 function."
                  ],
                  "possible_answer": "def fun():",
                  "placeholder_text": "define a function named \u0027fun\u0027 to replace three lines above"
                }
              ]
            }
          },
          "test_files": {
            "tests.py": "from test_helper import run_common_tests, failed, get_answer_placeholders, passed\n\n\ndef test_window():\n    window \u003d get_answer_placeholders()[0]\n    if \"fun\" in window:\n        passed()\n    else:\n        failed(\"Name your function \u0027fun\u0027\")\n\n\ndef test_window1():\n    window \u003d get_answer_placeholders()[0]\n    if \"def \" in window:\n        passed()\n    else:\n        failed(\"Use \u0027def\u0027 keyword to define a function\")\n\n\ndef test_column():\n    window \u003d get_answer_placeholders()[0]\n    if \":\" in window:\n        passed()\n    else:\n        failed(\"Don\u0027t forget a colon at the end of the statement\")\n\nif __name__ \u003d\u003d \u0027__main__\u0027:\n    run_common_tests()\n    test_window()\n    test_column()\n    test_window1()"
          },
          "description_text": "\nFunctions are a convenient way to divide your code into useful blocks, make it more readable and help reuse it.\nFunctions are defined using the keyword \u003ccode\u003edef\u003c/code\u003e, followed by the function\u0027s name.\n\n\u003cbr\u003e\u003cbr\u003e\nDefine a function to replace duplicate lines in the file.\n\u003cbr\u003e\n",
          "description_format": "html",
          "additional_files": {},
          "update_date": "Dec 21, 2017 11:56:53 AM",
          "task_type": "edu"
        },
        {
          "name": "Parameters and call arguments",
          "stepic_id": 186047,
          "task_files": {
            "param_args.py": {
              "name": "param_args.py",
              "text": "def foo(x):                 # x is a function parameter\n    print(\"x \u003d \" + str(x))\n\nfoo(5)   # pass 5 to foo(). Here 5 is an argument passed to function foo.\n\ndefine a function named \u0027square\u0027 that prints square of passed parameter\n    print(x ** 2)\n\nsquare(4)\nsquare(8)\nsquare(15)\nsquare(23)\nsquare(42)\n",
              "placeholders": [
                {
                  "offset": 159,
                  "length": 71,
                  "hints": [
                    "Put parameter \u0027x\u0027 inside parentheses in function definition."
                  ],
                  "possible_answer": "def square(x):",
                  "placeholder_text": "define a function named \u0027square\u0027 that prints square of passed parameter"
                }
              ]
            }
          },
          "test_files": {
            "tests.py": "from test_helper import run_common_tests, failed, get_answer_placeholders, passed\n\n\ndef test_window():\n    window \u003d get_answer_placeholders()[0]\n    if \"square\" in window and \"def \" in window:\n        passed()\n    else:\n        failed(\"Name your function \u0027square\u0027\")\n\n\ndef test_column():\n    window \u003d get_answer_placeholders()[0]\n    if \":\" in window:\n        passed()\n    else:\n        failed(\"Don\u0027t forget a colon at the end of the statement\")\n\nif __name__ \u003d\u003d \u0027__main__\u0027:\n    run_common_tests()\n    test_column()\n    test_window()"
          },
          "description_text": "\nFunction parameters are defined inside the parentheses \u003ccode\u003e()\u003c/code\u003e, following the function name.\nA parameter acts as a variable name for the passed argument.\n\u003cbr\u003e\u003cbr\u003e\nDefine a function that prints the square of the passed parameter.\n\u003cbr\u003e\n\n",
          "description_format": "html",
          "additional_files": {},
          "update_date": "Dec 21, 2017 11:56:53 AM",
          "task_type": "edu"
        },
        {
          "name": "Return value",
          "stepic_id": 186048,
          "task_files": {
            "return_keyword.py": {
              "name": "return_keyword.py",
              "text": "def sum_two_numbers(a, b):\n    return a + b            # return result to the function caller\n\nc \u003d sum_two_numbers(3, 12)  # assign result of function execution to variable \u0027c\u0027\n\n\ndef fib(n):\n    \"\"\"This is documentation string for function. It\u0027ll be available by fib.__doc__()\n    Return a list containing the Fibonacci series up to n.\"\"\"\n    result \u003d []\n    a \u003d 1\n    b \u003d initialize variable b\n    while a \u003c n:\n        result.append(a)\n        tmp_var \u003d b\n        update variable b\n        update variable a\n    return result\n\nprint(fib(10))\n",
              "placeholders": [
                {
                  "offset": 373,
                  "length": 21,
                  "hints": [
                    "Initialize \u0027b\u0027 with 1."
                  ],
                  "possible_answer": "1",
                  "placeholder_text": "initialize variable b"
                },
                {
                  "offset": 465,
                  "length": 17,
                  "hints": [
                    "Update \u0027b\u0027 with \u0027a + b\u0027."
                  ],
                  "possible_answer": "b \u003d a + b",
                  "placeholder_text": "update variable b"
                },
                {
                  "offset": 491,
                  "length": 17,
                  "hints": [
                    "Update \u0027a\u0027 with \u0027tmp_var\u0027."
                  ],
                  "possible_answer": "a \u003d tmp_var",
                  "placeholder_text": "update variable a"
                }
              ]
            }
          },
          "test_files": {
            "tests.py": "from test_helper import run_common_tests, get_answer_placeholders, passed, failed, import_task_file\n\ndef test_window1():\n    window \u003d get_answer_placeholders()[0]\n    if \"1\" in window:\n        passed()\n    else:\n        failed(\"Initialize b with 1\")\n\n\ndef test_window2():\n    window \u003d get_answer_placeholders()[1]\n    if \"b\" in window and \"a\" in window:\n        passed()\n    else:\n        failed(\"Update b with a + b\")\n\ndef test_window3():\n    window \u003d get_answer_placeholders()[2]\n    if \"tmp_var\" in window:\n        passed()\n    else:\n        failed(\"Update a with tmp_var\")\n\ndef test_function():\n    try:\n        my_file \u003d import_task_file()\n        if hasattr(my_file, \"fib\") and my_file.fib(10) \u003d\u003d [1, 1, 2, 3, 5, 8]:\n            passed()\n        else:\n            failed(\"Check your function for n \u003d 10\")\n    except:\n        failed(\"The file contains syntax errors\")\n\n\n\nif __name__ \u003d\u003d \u0027__main__\u0027:\n    run_common_tests()\n    test_window1()\n    test_window2()\n    test_window3()\n    test_function()"
          },
          "description_text": "\nFunctions may return a value to the caller, using the keyword \u003ccode\u003ereturn\u003c/code\u003e. You can use the returned value to assign it to a variable or just print it out.\n\u003cbr\u003e\u003cbr\u003e\nIn the Fibonacci sequence, the first two numbers are \u003ccode\u003e1\u003c/code\u003e and \u003ccode\u003e1\u003c/code\u003e, and each subsequent number is the sum of the previous two.\nWrite a function that returns a list of the numbers of the Fibonacci series up to \u003ccode\u003en\u003c/code\u003e.\n\u003cbr\u003e\n",
          "description_format": "html",
          "additional_files": {},
          "update_date": "Dec 21, 2017 11:56:53 AM",
          "task_type": "edu"
        },
        {
          "name": "Default parameters",
          "stepic_id": 186049,
          "task_files": {
            "default_parameter.py": {
              "name": "default_parameter.py",
              "text": "def multiply_by(a, b\u003d2):\n    return a * b\n\nprint(multiply_by(3, 47))\nprint(multiply_by(3))    # call function using default value for b parameter\n\n\ndef hello(add parameters for function, set default value for name):\n    print(\"Hello %s! My name is %s\" % (subject, name))\n\nhello(\"PyCharm\", \"Jane\")    # call \u0027hello\u0027 function with \"PyCharm as a subject parameter and \"Jane\" as a name\nhello(\"PyCharm\")            # call \u0027hello\u0027 function with \"PyCharm as a subject parameter and default value for the name\n",
              "placeholders": [
                {
                  "offset": 158,
                  "length": 55,
                  "hints": [
                    "Set default value for parameter \u0027name\u0027."
                  ],
                  "possible_answer": "subject, name\u003d\u0027John\u0027",
                  "placeholder_text": "add parameters for function, set default value for name"
                }
              ]
            }
          },
          "test_files": {
            "tests.py": "from test_helper import run_common_tests, failed, passed, get_answer_placeholders\n\n\ndef test_window():\n    window \u003d get_answer_placeholders()[0]\n    if \"\u003d\" in window:\n        passed()\n    else:\n        failed(\"Add a default value to the parameter\")\n\ndef test_window_names():\n    window \u003d get_answer_placeholders()[0]\n    if \"subject\" in window and \"name\" in window:\n        passed()\n    else:\n        failed(\"Add a default value to the parameter\")\n\nif __name__ \u003d\u003d \u0027__main__\u0027:\n    run_common_tests()\n    test_window()\n    test_window_names()"
          },
          "description_text": "\nSometimes it\u0027s useful to specify a default value for one or more function parameters.\nThis creates a function that can be called with fewer arguments than it is defined to allow.\n\u003cbr\u003e\u003cbr\u003e\nAdd parameters for the \u003ccode\u003ehello\u003c/code\u003e function, and set a default value for the name parameter.\n\u003cbr\u003e\n",
          "description_format": "html",
          "additional_files": {},
          "update_date": "Dec 21, 2017 11:56:53 AM",
          "task_type": "edu"
        }
      ],
      "type": "lesson"
    },
    {
      "id": 0,
      "title": "Edu additional materials",
      "task_list": [
        {
          "name": "Edu additional materials",
          "stepic_id": 0,
          "task_files": {},
          "test_files": {},
          "description_format": "html",
          "additional_files": {
            "test_helper.py": "import sys\n\n\ndef get_file_text(path):\n    \"\"\" Returns file text by path\"\"\"\n    file_io \u003d open(path, \"r\")\n    text \u003d file_io.read()\n    file_io.close()\n    return text\n\n\ndef get_file_output(encoding\u003d\"utf-8\", path\u003dsys.argv[-1], arg_string\u003d\"\"):\n    \"\"\"\n    Returns answer file output\n    :param encoding: to decode output in python3\n    :param path: path of file to execute\n    :return: list of strings\n    \"\"\"\n    import subprocess\n\n    proc \u003d subprocess.Popen([sys.executable, path], stdin\u003dsubprocess.PIPE, stdout\u003dsubprocess.PIPE,\n                            stderr\u003dsubprocess.STDOUT)\n    if arg_string:\n        for arg in arg_string.split(\"\\n\"):\n            proc.stdin.write(bytearray(str(arg) + \"\\n\", encoding))\n            proc.stdin.flush()\n\n    return list(map(lambda x: str(x.decode(encoding)), proc.communicate()[0].splitlines()))\n\n\ndef test_file_importable():\n    \"\"\" Tests there is no obvious syntax errors\"\"\"\n    path \u003d sys.argv[-1]\n    if not path.endswith(\".py\"):\n        import os\n\n        parent \u003d os.path.abspath(os.path.join(path, os.pardir))\n        python_files \u003d [f for f in os.listdir(parent) if os.path.isfile(os.path.join(parent, f)) and f.endswith(\".py\")]\n        for python_file in python_files:\n            if python_file \u003d\u003d \"tests.py\":\n                continue\n            check_importable_path(os.path.join(parent, python_file))\n        return\n    check_importable_path(path)\n\n\ndef check_importable_path(path):\n    \"\"\" Checks that file is importable.\n        Reports failure otherwise.\n    \"\"\"\n    saved_input \u003d patch_input()\n    try:\n        import_file(path)\n    except:\n        failed(\"The file contains syntax errors\", test_file_importable.__name__)\n        return\n    finally:\n        revert_input(saved_input)\n\n    passed(test_file_importable.__name__)\n\n\ndef patch_input():\n    def mock_fun(_m\u003d\"\"):\n        return \"mock\"\n\n    if sys.version_info[0] \u003d\u003d 3:\n        import builtins\n        save_input \u003d builtins.input\n        builtins.input \u003d mock_fun\n        return save_input\n    elif sys.version_info[0] \u003d\u003d 2:\n        import __builtin__\n        save_input \u003d __builtin__.raw_input\n        __builtin__.raw_input \u003d mock_fun\n        __builtin__.input \u003d mock_fun\n        return save_input\n\n\ndef revert_input(saved_input):\n    if sys.version_info[0] \u003d\u003d 3:\n        import builtins\n        builtins.input \u003d saved_input\n    elif sys.version_info[0] \u003d\u003d 2:\n        import __builtin__\n        __builtin__.raw_input \u003d saved_input\n        __builtin__.input \u003d saved_input\n\n\ndef import_file(path):\n    \"\"\" Returns imported file \"\"\"\n    if sys.version_info[0] \u003d\u003d 2 or sys.version_info[1] \u003c 3:\n        import imp\n\n        return imp.load_source(\"tmp\", path)\n    elif sys.version_info[0] \u003d\u003d 3:\n        import importlib.machinery\n\n        return importlib.machinery.SourceFileLoader(\"tmp\", path).load_module(\"tmp\")\n\n\ndef import_task_file():\n    \"\"\" Returns imported file.\n        Imports file from which check action was run\n    \"\"\"\n    path \u003d sys.argv[-1]\n    return import_file(path)\n\n\ndef test_is_not_empty():\n    \"\"\"\n        Checks that file is not empty\n    \"\"\"\n    path \u003d sys.argv[-1]\n    file_text \u003d get_file_text(path)\n\n    if len(file_text) \u003e 0:\n        passed()\n    else:\n        failed(\"The file is empty. Please, reload the task and try again.\")\n\n\ndef test_text_equals(text, error_text):\n    \"\"\"\n        Checks that answer equals text.\n    \"\"\"\n    path \u003d sys.argv[-1]\n    file_text \u003d get_file_text(path)\n\n    if file_text.strip() \u003d\u003d text:\n        passed()\n    else:\n        failed(error_text)\n\n\ndef test_answer_placeholders_text_deleted(error_text\u003d\"Don\u0027t just delete task text\"):\n    \"\"\"\n        Checks that all answer placeholders are not empty\n    \"\"\"\n    windows \u003d get_answer_placeholders()\n\n    for window in windows:\n        if len(window) \u003d\u003d 0:\n            failed(error_text)\n            return\n    passed()\n\n\ndef set_congratulation_message(message):\n    \"\"\" Overrides default \u0027Congratulations!\u0027 message \"\"\"\n    print(\"#educational_plugin CONGRATS_MESSAGE \" + message)\n\n\ndef failed(message\u003d\"Please, reload the task and try again.\", name\u003dNone):\n    \"\"\" Reports failure \"\"\"\n    if not name:\n        name \u003d sys._getframe().f_back.f_code.co_name\n    print(\"#educational_plugin \" + name + \" FAILED + \" + message)\n\n\ndef passed(name\u003dNone):\n    \"\"\" Reports success \"\"\"\n    if not name:\n        name \u003d sys._getframe().f_back.f_code.co_name\n    print(\"#educational_plugin \" + name + \" test OK\")\n\n\ndef get_answer_placeholders():\n    \"\"\"\n        Returns all answer placeholders text\n    \"\"\"\n    prefix \u003d \"#educational_plugin_window \u003d \"\n    path \u003d sys.argv[-1]\n    import os\n\n    file_name_without_extension \u003d os.path.splitext(path)[0]\n    windows_path \u003d file_name_without_extension + \"_windows\"\n    windows \u003d []\n    f \u003d open(windows_path, \"r\")\n    window_text \u003d \"\"\n    first \u003d True\n    for line in f.readlines():\n        if line.startswith(prefix):\n            if not first:\n                windows.append(window_text.strip())\n            else:\n                first \u003d False\n            window_text \u003d line[len(prefix):]\n        else:\n            window_text +\u003d line\n\n    if window_text:\n        windows.append(window_text.strip())\n\n    f.close()\n    return windows\n\n\ndef check_samples(samples\u003d()):\n    \"\"\"\n      Check script output for all samples. Sample is a two element list, where the first is input and\n      the second is output.\n    \"\"\"\n    for sample in samples:\n        if len(sample) \u003d\u003d 2:\n            output \u003d get_file_output(arg_string\u003dstr(sample[0]))\n            if \"\\n\".join(output) !\u003d sample[1]:\n                failed(\n                    \"Test from samples failed: \\n \\n\"\n                    \"Input:\\n{}\"\n                    \"\\n \\n\"\n                    \"Expected:\\n{}\"\n                    \"\\n \\n\"\n                    \"Your result:\\n{}\".format(str.strip(sample[0]), str.strip(sample[1]), \"\\n\".join(output)))\n                return\n        set_congratulation_message(\"All test from samples passed. Now we are checking your solution on Stepik server.\")\n\n    passed()\n\n\ndef run_common_tests(error_text\u003d\"Please, reload file and try again\"):\n    test_is_not_empty()\n    test_answer_placeholders_text_deleted()\n    test_file_importable()\n"
          },
          "task_type": "edu"
        }
      ],
      "type": "lesson"
    }
  ]
}